出品期日,商品URL
2020-12-19 19:21:05123201,https://item.fril.jp/53b1eb0cc289d2b6fa3cf3d291a15246
2020-12-19 19:21:39788344,https://item.fril.jp/cf777df29379f4fbe871852c40bd2689
2020-12-19 19:26:44840369,https://item.fril.jp/64e597bdf705a7feb44e5b95836da109
2020-12-19 19:27:18910701,https://item.fril.jp/aa46991c0c3e11dbec30e37e0a006f79
2020-12-19 19:27:53292614,https://item.fril.jp/f0cdbf754995b85487d3ae70d0c8fc38
2020-12-19 20:44:04.971253,https://item.fril.jp/05ff497ef8b5a7ac83c30879c73774ce
2020-12-19 20:47:02.975226,https://item.fril.jp/da0cdf93aeddf37a00634ebf7010b548
2020-12-19 22:25:10.718076,https://item.fril.jp/e0a07289585e1dd568698bd431ec79ac
2020-12-19 22:25:58.203348,https://item.fril.jp/8a190605aae773a60d31232526d90e8b
2020-12-19 22:26:50.345664,https://item.fril.jp/a6073501a3ba24cd781a40d49482d180
2020-12-19 22:33:31,https://item.fril.jp/ae4101254e4430bc313453e2cfca4228
